{
  "Total" : {
    "transaction" : "Total",
    "sampleCount" : 300,
    "errorCount" : 0,
    "errorPct" : 0.0,
    "meanResTime" : 826.9266666666664,
    "medianResTime" : 876.0,
    "minResTime" : 331.0,
    "maxResTime" : 1498.0,
    "pct1ResTime" : 1244.9,
    "pct2ResTime" : 1271.75,
    "pct3ResTime" : 1386.3700000000006,
    "throughput" : 27.309968138370508,
    "receivedKBytesPerSec" : 125.0551177742376,
    "sentKBytesPerSec" : 7.200870505234411
  },
  "Login Request-1" : {
    "transaction" : "Login Request-1",
    "sampleCount" : 100,
    "errorCount" : 0,
    "errorPct" : 0.0,
    "meanResTime" : 356.35,
    "medianResTime" : 352.5,
    "minResTime" : 331.0,
    "maxResTime" : 413.0,
    "pct1ResTime" : 374.0,
    "pct2ResTime" : 387.9,
    "pct3ResTime" : 412.8299999999999,
    "throughput" : 10.119409026512852,
    "receivedKBytesPerSec" : 49.030710825237804,
    "sentKBytesPerSec" : 1.8875069570937058
  },
  "Login Request" : {
    "transaction" : "Login Request",
    "sampleCount" : 100,
    "errorCount" : 0,
    "errorPct" : 0.0,
    "meanResTime" : 1240.5599999999997,
    "medianResTime" : 1232.0,
    "minResTime" : 1158.0,
    "maxResTime" : 1498.0,
    "pct1ResTime" : 1281.9,
    "pct2ResTime" : 1304.0,
    "pct3ResTime" : 1497.6499999999999,
    "throughput" : 9.103322712790167,
    "receivedKBytesPerSec" : 62.5275588871188,
    "sentKBytesPerSec" : 3.6004352526172054
  },
  "Login Request-0" : {
    "transaction" : "Login Request-0",
    "sampleCount" : 100,
    "errorCount" : 0,
    "errorPct" : 0.0,
    "meanResTime" : 883.87,
    "medianResTime" : 876.0,
    "minResTime" : 827.0,
    "maxResTime" : 1101.0,
    "pct1ResTime" : 908.9,
    "pct2ResTime" : 947.0999999999998,
    "pct3ResTime" : 1100.92,
    "throughput" : 9.3905531035778,
    "receivedKBytesPerSec" : 19.001197295520708,
    "sentKBytesPerSec" : 1.962478871255517
  }
}